19:34:50,U1,Queen's Avenue,7,2020-02-16 19:41:50.529775
19:34:50,3,"Broadmead, Union St",8,2020-02-16 19:42:50.529872
19:34:50,2,"Stockwood, The Coot",8,2020-02-16 19:42:50.529929
19:34:50,1,"Broomhill, Whitmore",18,2020-02-16 19:52:50.529979
19:34:50,U1,Queen's Avenue,32,2020-02-16 20:06:50.536380
19:34:50,4,"Broadmead, Union St",33,2020-02-16 20:07:50.536428
19:34:50,2,"Stockwood, The Coot",37,2020-02-16 20:11:50.536471
19:34:50,1,"Broomhill, Whitmore",48,2020-02-16 20:22:50.536513
19:34:50,U1,Queen's Avenue,62,2020-02-16 20:36:50.539387
19:34:50,2,"Stockwood, The Coot",66,2020-02-16 20:40:50.539426

19:35:04,U1,Queen's Avenue,6,2020-02-16 19:41:04.628432
19:35:04,2,"Stockwood, The Coot",6,2020-02-16 19:41:04.628514
19:35:04,3,"Broadmead, Union St",7,2020-02-16 19:42:04.628572
19:35:04,1,"Broomhill, Whitmore",17,2020-02-16 19:52:04.628638
19:35:04,U1,Queen's Avenue,31,2020-02-16 20:06:04.631289
19:35:04,4,"Broadmead, Union St",32,2020-02-16 20:07:04.631350
19:35:04,2,"Stockwood, The Coot",36,2020-02-16 20:11:04.631403
19:35:04,1,"Broomhill, Whitmore",47,2020-02-16 20:22:04.631474
19:35:04,U1,Queen's Avenue,61,2020-02-16 20:36:04.633221
19:35:04,2,"Stockwood, The Coot",65,2020-02-16 20:40:04.633266

19:35:26,U1,Queen's Avenue,6,2020-02-16 19:41:26.439228
19:35:26,2,"Stockwood, The Coot",6,2020-02-16 19:41:26.439324
19:35:26,3,"Broadmead, Union St",7,2020-02-16 19:42:26.439381
19:35:26,1,"Broomhill, Whitmore",17,2020-02-16 19:52:26.439434
19:35:26,U1,Queen's Avenue,31,2020-02-16 20:06:26.445043
19:35:26,4,"Broadmead, Union St",32,2020-02-16 20:07:26.445081
19:35:26,2,"Stockwood, The Coot",35,2020-02-16 20:10:26.445118
19:35:26,1,"Broomhill, Whitmore",47,2020-02-16 20:22:26.445152
19:35:26,U1,Queen's Avenue,61,2020-02-16 20:36:26.447617
19:35:26,2,"Stockwood, The Coot",65,2020-02-16 20:40:26.447655

19:36:17,U1,Queen's Avenue,5,2020-02-16 19:41:17.492900
19:36:17,3,"Broadmead, Union St",6,2020-02-16 19:42:17.492960
19:36:17,2,"Stockwood, The Coot",6,2020-02-16 19:42:17.492995
19:36:17,1,"Broomhill, Whitmore",17,2020-02-16 19:53:17.493026
19:36:17,U1,Queen's Avenue,30,2020-02-16 20:06:17.496081
19:36:17,4,"Broadmead, Union St",31,2020-02-16 20:07:17.496115
19:36:17,2,"Stockwood, The Coot",34,2020-02-16 20:10:17.496147
19:36:17,1,"Broomhill, Whitmore",46,2020-02-16 20:22:17.496177
19:36:17,U1,Queen's Avenue,60,2020-02-16 20:36:17.497402
19:36:17,2,"Stockwood, The Coot",64,2020-02-16 20:40:17.497431

19:36:26,U1,Queen's Avenue,5,2020-02-16 19:41:26.528045
19:36:26,3,"Broadmead, Union St",6,2020-02-16 19:42:26.528120
19:36:26,2,"Stockwood, The Coot",6,2020-02-16 19:42:26.528161
19:36:26,1,"Broomhill, Whitmore",17,2020-02-16 19:53:26.528198
19:36:26,U1,Queen's Avenue,30,2020-02-16 20:06:26.531748
19:36:26,4,"Broadmead, Union St",31,2020-02-16 20:07:26.531784
19:36:26,2,"Stockwood, The Coot",34,2020-02-16 20:10:26.531818
19:36:26,1,"Broomhill, Whitmore",46,2020-02-16 20:22:26.531849
19:36:26,U1,Queen's Avenue,60,2020-02-16 20:36:26.533464
19:36:26,2,"Stockwood, The Coot",64,2020-02-16 20:40:26.533501

19:36:43,U1,Queen's Avenue,5,2020-02-16 19:41:43.648321
19:36:43,3,"Broadmead, Union St",6,2020-02-16 19:42:43.648415
19:36:43,2,"Stockwood, The Coot",6,2020-02-16 19:42:43.648472
19:36:43,1,"Broomhill, Whitmore",17,2020-02-16 19:53:43.648524
19:36:43,U1,Queen's Avenue,30,2020-02-16 20:06:43.652950
19:36:43,4,"Broadmead, Union St",31,2020-02-16 20:07:43.653001
19:36:43,2,"Stockwood, The Coot",34,2020-02-16 20:10:43.653046
19:36:43,1,"Broomhill, Whitmore",46,2020-02-16 20:22:43.653090
19:36:43,U1,Queen's Avenue,60,2020-02-16 20:36:43.654874
19:36:43,2,"Stockwood, The Coot",64,2020-02-16 20:40:43.654922

19:37:05,U1,Queen's Avenue,4,2020-02-16 19:41:05.847801
19:37:05,3,"Broadmead, Union St",5,2020-02-16 19:42:05.847857
19:37:05,2,"Stockwood, The Coot",5,2020-02-16 19:42:05.847893
19:37:05,1,"Broomhill, Whitmore",16,2020-02-16 19:53:05.847925
19:37:05,U1,Queen's Avenue,29,2020-02-16 20:06:05.849374
19:37:05,4,"Broadmead, Union St",30,2020-02-16 20:07:05.849405
19:37:05,2,"Stockwood, The Coot",33,2020-02-16 20:10:05.849440
19:37:05,1,"Broomhill, Whitmore",45,2020-02-16 20:22:05.849488
19:37:05,U1,Queen's Avenue,59,2020-02-16 20:36:05.851313
19:37:05,2,"Stockwood, The Coot",63,2020-02-16 20:40:05.851366

19:37:06,U1,Queen's Avenue,4,2020-02-16 19:41:06.686573
19:37:06,3,"Broadmead, Union St",5,2020-02-16 19:42:06.686647
19:37:06,2,"Stockwood, The Coot",5,2020-02-16 19:42:06.686690
19:37:06,1,"Broomhill, Whitmore",16,2020-02-16 19:53:06.686729
19:37:06,U1,Queen's Avenue,29,2020-02-16 20:06:06.690758
19:37:06,4,"Broadmead, Union St",30,2020-02-16 20:07:06.690794
19:37:06,2,"Stockwood, The Coot",33,2020-02-16 20:10:06.690828
19:37:06,1,"Broomhill, Whitmore",45,2020-02-16 20:22:06.690862
19:37:06,U1,Queen's Avenue,59,2020-02-16 20:36:06.693345
19:37:06,2,"Stockwood, The Coot",63,2020-02-16 20:40:06.693378

19:37:32,U1,Queen's Avenue,4,2020-02-16 19:41:32.013843
19:37:32,3,"Broadmead, Union St",5,2020-02-16 19:42:32.013928
19:37:32,2,"Stockwood, The Coot",6,2020-02-16 19:43:32.013977
19:37:32,1,"Broomhill, Whitmore",15,2020-02-16 19:52:32.014158
19:37:32,U1,Queen's Avenue,29,2020-02-16 20:06:32.019626
19:37:32,4,"Broadmead, Union St",30,2020-02-16 20:07:32.019669
19:37:32,2,"Stockwood, The Coot",35,2020-02-16 20:12:32.019709
19:37:32,1,"Broomhill, Whitmore",45,2020-02-16 20:22:32.019748
19:37:32,U1,Queen's Avenue,59,2020-02-16 20:36:32.022939
19:37:32,2,"Stockwood, The Coot",63,2020-02-16 20:40:32.022976

19:38:18,U1,Queen's Avenue,3,2020-02-16 19:41:18.774946
19:38:18,3,"Broadmead, Union St",4,2020-02-16 19:42:18.775019
19:38:18,2,"Stockwood, The Coot",5,2020-02-16 19:43:18.775072
19:38:18,1,"Broomhill, Whitmore",15,2020-02-16 19:53:18.775121
19:38:18,U1,Queen's Avenue,28,2020-02-16 20:06:18.777212
19:38:18,4,"Broadmead, Union St",29,2020-02-16 20:07:18.777264
19:38:18,2,"Stockwood, The Coot",34,2020-02-16 20:12:18.777313
19:38:18,1,"Broomhill, Whitmore",44,2020-02-16 20:22:18.777361
19:38:18,U1,Queen's Avenue,58,2020-02-16 20:36:18.779206
19:38:18,2,"Stockwood, The Coot",62,2020-02-16 20:40:18.779248

19:38:27,3,"Broadmead, Union St",4,2020-02-16 19:42:27.520909
19:38:27,U1,Queen's Avenue,4,2020-02-16 19:42:27.520989
19:38:27,2,"Stockwood, The Coot",5,2020-02-16 19:43:27.521044
19:38:27,1,"Broomhill, Whitmore",15,2020-02-16 19:53:27.521096
19:38:27,U1,Queen's Avenue,28,2020-02-16 20:06:27.523217
19:38:27,4,"Broadmead, Union St",29,2020-02-16 20:07:27.523272
19:38:27,2,"Stockwood, The Coot",34,2020-02-16 20:12:27.523322
19:38:27,1,"Broomhill, Whitmore",44,2020-02-16 20:22:27.523372
19:38:27,U1,Queen's Avenue,58,2020-02-16 20:36:27.525084
19:38:27,2,"Stockwood, The Coot",62,2020-02-16 20:40:27.525128

19:38:44,3,"Broadmead, Union St",4,2020-02-16 19:42:44.373725
19:38:44,U1,Queen's Avenue,4,2020-02-16 19:42:44.373794
19:38:44,2,"Stockwood, The Coot",5,2020-02-16 19:43:44.373836
19:38:44,1,"Broomhill, Whitmore",15,2020-02-16 19:53:44.373874
19:38:44,U1,Queen's Avenue,28,2020-02-16 20:06:44.378366
19:38:44,4,"Broadmead, Union St",30,2020-02-16 20:08:44.378402
19:38:44,2,"Stockwood, The Coot",34,2020-02-16 20:12:44.378435
19:38:44,1,"Broomhill, Whitmore",44,2020-02-16 20:22:44.378467
19:38:44,U1,Queen's Avenue,58,2020-02-16 20:36:44.380862
19:38:44,2,"Stockwood, The Coot",62,2020-02-16 20:40:44.380898

19:38:44,3,"Broadmead, Union St",4,2020-02-16 19:42:44.780034
19:38:44,U1,Queen's Avenue,4,2020-02-16 19:42:44.780111
19:38:44,2,"Stockwood, The Coot",5,2020-02-16 19:43:44.780167
19:38:44,1,"Broomhill, Whitmore",15,2020-02-16 19:53:44.780220
19:38:44,U1,Queen's Avenue,28,2020-02-16 20:06:44.782524
19:38:44,4,"Broadmead, Union St",30,2020-02-16 20:08:44.782596
19:38:44,2,"Stockwood, The Coot",34,2020-02-16 20:12:44.782691
19:38:44,1,"Broomhill, Whitmore",44,2020-02-16 20:22:44.782754
19:38:44,U1,Queen's Avenue,58,2020-02-16 20:36:44.784636
19:38:44,2,"Stockwood, The Coot",62,2020-02-16 20:40:44.784681

19:39:07,3,"Broadmead, Union St",2,2020-02-16 19:41:07.268504
19:39:07,U1,Queen's Avenue,2,2020-02-16 19:41:07.268580
19:39:07,2,"Stockwood, The Coot",4,2020-02-16 19:43:07.268636
19:39:07,1,"Broomhill, Whitmore",14,2020-02-16 19:53:07.268688
19:39:07,U1,Queen's Avenue,27,2020-02-16 20:06:07.270816
19:39:07,4,"Broadmead, Union St",29,2020-02-16 20:08:07.270873
19:39:07,2,"Stockwood, The Coot",33,2020-02-16 20:12:07.270924
19:39:07,1,"Broomhill, Whitmore",43,2020-02-16 20:22:07.270974
19:39:07,U1,Queen's Avenue,57,2020-02-16 20:36:07.272854
19:39:07,2,"Stockwood, The Coot",61,2020-02-16 20:40:07.272899

19:39:53,3,"Broadmead, Union St",3,2020-02-16 19:42:53.916000
19:39:53,U1,Queen's Avenue,3,2020-02-16 19:42:53.916087
19:39:53,2,"Stockwood, The Coot",4,2020-02-16 19:43:53.916134
19:39:53,1,"Broomhill, Whitmore",13,2020-02-16 19:52:53.916178
19:39:53,U1,Queen's Avenue,27,2020-02-16 20:06:53.920872
19:39:53,4,"Broadmead, Union St",30,2020-02-16 20:09:53.920915
19:39:53,2,"Stockwood, The Coot",33,2020-02-16 20:12:53.920962
19:39:53,1,"Broomhill, Whitmore",43,2020-02-16 20:22:53.921000
19:39:53,U1,Queen's Avenue,57,2020-02-16 20:36:53.924283
19:39:53,2,"Stockwood, The Coot",61,2020-02-16 20:40:53.924320

19:40:19,U1,Queen's Avenue,1,2020-02-16 19:41:19.911873
19:40:19,3,"Broadmead, Union St",2,2020-02-16 19:42:19.911949
19:40:19,2,"Stockwood, The Coot",3,2020-02-16 19:43:19.912002
19:40:19,1,"Broomhill, Whitmore",13,2020-02-16 19:53:19.912051
19:40:19,U1,Queen's Avenue,26,2020-02-16 20:06:19.914290
19:40:19,4,"Broadmead, Union St",29,2020-02-16 20:09:19.914346
19:40:19,2,"Stockwood, The Coot",31,2020-02-16 20:11:19.914397
19:40:19,1,"Broomhill, Whitmore",42,2020-02-16 20:22:19.914445
19:40:19,U1,Queen's Avenue,56,2020-02-16 20:36:19.916555
19:40:19,2,"Stockwood, The Coot",60,2020-02-16 20:40:19.916601

19:40:28,U1,Queen's Avenue,1,2020-02-16 19:41:28.822010
19:40:28,3,"Broadmead, Union St",2,2020-02-16 19:42:28.822085
19:40:28,2,"Stockwood, The Coot",3,2020-02-16 19:43:28.822140
19:40:28,1,"Broomhill, Whitmore",13,2020-02-16 19:53:28.822193
19:40:28,U1,Queen's Avenue,26,2020-02-16 20:06:28.824284
19:40:28,4,"Broadmead, Union St",28,2020-02-16 20:08:28.824331
19:40:28,2,"Stockwood, The Coot",31,2020-02-16 20:11:28.824374
19:40:28,1,"Broomhill, Whitmore",42,2020-02-16 20:22:28.824416
19:40:28,U1,Queen's Avenue,56,2020-02-16 20:36:28.826110
19:40:28,2,"Stockwood, The Coot",60,2020-02-16 20:40:28.826155

19:40:46,U1,Queen's Avenue,1,2020-02-16 19:41:46.141204
19:40:46,3,"Broadmead, Union St",2,2020-02-16 19:42:46.141319
19:40:46,2,"Stockwood, The Coot",4,2020-02-16 19:44:46.141387
19:40:46,1,"Broomhill, Whitmore",12,2020-02-16 19:52:46.141515
19:40:46,U1,Queen's Avenue,26,2020-02-16 20:06:46.143746
19:40:46,4,"Broadmead, Union St",28,2020-02-16 20:08:46.143831
19:40:46,2,"Stockwood, The Coot",31,2020-02-16 20:11:46.143885
19:40:46,1,"Broomhill, Whitmore",42,2020-02-16 20:22:46.143930
19:40:46,U1,Queen's Avenue,56,2020-02-16 20:36:46.146261
19:40:46,2,"Stockwood, The Coot",60,2020-02-16 20:40:46.146383

19:41:08,U1,Queen's Avenue,0,2020-02-16 19:41:09.000431
19:41:08,3,"Broadmead, Union St",1,2020-02-16 19:42:09.000506
19:41:08,2,"Stockwood, The Coot",3,2020-02-16 19:44:09.000561
19:41:08,1,"Broomhill, Whitmore",11,2020-02-16 19:52:09.000613
19:41:08,U1,Queen's Avenue,25,2020-02-16 20:06:09.002729
19:41:08,4,"Broadmead, Union St",27,2020-02-16 20:08:09.002787
19:41:08,2,"Stockwood, The Coot",30,2020-02-16 20:11:09.002838
19:41:08,1,"Broomhill, Whitmore",41,2020-02-16 20:22:09.002887
19:41:08,U1,Queen's Avenue,55,2020-02-16 20:36:09.004817
19:41:08,2,"Stockwood, The Coot",59,2020-02-16 20:40:09.004862

19:41:45,U1,Queen's Avenue,0,2020-02-16 19:41:45.151168
19:41:45,3,"Broadmead, Union St",1,2020-02-16 19:42:45.151259
19:41:45,2,"Stockwood, The Coot",3,2020-02-16 19:44:45.151315
19:41:45,1,"Broomhill, Whitmore",11,2020-02-16 19:52:45.151365
19:41:45,U1,Queen's Avenue,25,2020-02-16 20:06:45.156991
19:41:45,4,"Broadmead, Union St",28,2020-02-16 20:09:45.157036
19:41:45,2,"Stockwood, The Coot",29,2020-02-16 20:10:45.157079
19:41:45,1,"Broomhill, Whitmore",41,2020-02-16 20:22:45.157120
19:41:45,U1,Queen's Avenue,55,2020-02-16 20:36:45.160082
19:41:45,2,"Stockwood, The Coot",59,2020-02-16 20:40:45.160122

19:42:21,U1,Queen's Avenue,0,2020-02-16 19:42:21.147769
19:42:21,3,"Broadmead, Union St",0,2020-02-16 19:42:21.147841
19:42:21,2,"Stockwood, The Coot",1,2020-02-16 19:43:21.147915
19:42:21,1,"Broomhill, Whitmore",11,2020-02-16 19:53:21.147959
19:42:21,U1,Queen's Avenue,24,2020-02-16 20:06:21.149722
19:42:21,4,"Broadmead, Union St",27,2020-02-16 20:09:21.149766
19:42:21,2,"Stockwood, The Coot",28,2020-02-16 20:10:21.149807
19:42:21,1,"Broomhill, Whitmore",40,2020-02-16 20:22:21.149846
19:42:21,U1,Queen's Avenue,54,2020-02-16 20:36:21.151704
19:42:21,2,"Stockwood, The Coot",58,2020-02-16 20:40:21.151750

19:42:29,U1,Queen's Avenue,0,2020-02-16 19:42:29.988956
19:42:29,3,"Broadmead, Union St",0,2020-02-16 19:42:29.989030
19:42:29,2,"Stockwood, The Coot",1,2020-02-16 19:43:29.989082
19:42:29,1,"Broomhill, Whitmore",11,2020-02-16 19:53:29.989134
19:42:29,U1,Queen's Avenue,24,2020-02-16 20:06:29.991320
19:42:29,4,"Broadmead, Union St",27,2020-02-16 20:09:29.991352
19:42:29,2,"Stockwood, The Coot",28,2020-02-16 20:10:29.991381
19:42:29,1,"Broomhill, Whitmore",40,2020-02-16 20:22:29.991409
19:42:29,U1,Queen's Avenue,54,2020-02-16 20:36:29.992912
19:42:29,2,"Stockwood, The Coot",58,2020-02-16 20:40:29.992945

19:42:47,U1,Queen's Avenue,0,2020-02-16 19:42:47.263270
19:42:47,3,"Broadmead, Union St",0,2020-02-16 19:42:47.263316
19:42:47,2,"Stockwood, The Coot",1,2020-02-16 19:43:47.263350
19:42:47,1,"Broomhill, Whitmore",10,2020-02-16 19:52:47.263379
19:42:47,U1,Queen's Avenue,24,2020-02-16 20:06:47.264615
19:42:47,4,"Broadmead, Union St",27,2020-02-16 20:09:47.264647
19:42:47,2,"Stockwood, The Coot",28,2020-02-16 20:10:47.264677
19:42:47,1,"Broomhill, Whitmore",40,2020-02-16 20:22:47.264705
19:42:47,U1,Queen's Avenue,54,2020-02-16 20:36:47.265966
19:42:47,2,"Stockwood, The Coot",58,2020-02-16 20:40:47.266001

19:43:10,U1,Queen's Avenue,0,2020-02-16 19:43:10.214027
19:43:10,3,"Broadmead, Union St",0,2020-02-16 19:43:10.214248
19:43:10,2,"Stockwood, The Coot",0,2020-02-16 19:43:10.214330
19:43:10,1,"Broomhill, Whitmore",9,2020-02-16 19:52:10.214401
19:43:10,U1,Queen's Avenue,23,2020-02-16 20:06:10.217244
19:43:10,4,"Broadmead, Union St",26,2020-02-16 20:09:10.217292
19:43:10,2,"Stockwood, The Coot",27,2020-02-16 20:10:10.217337
19:43:10,1,"Broomhill, Whitmore",39,2020-02-16 20:22:10.217379
19:43:10,U1,Queen's Avenue,53,2020-02-16 20:36:10.219081
19:43:10,2,"Stockwood, The Coot",57,2020-02-16 20:40:10.219129

19:43:42,3,"Broadmead, Union St",0,2020-02-16 19:43:42.570095
19:43:42,2,"Stockwood, The Coot",0,2020-02-16 19:43:42.570179
19:43:42,1,"Broomhill, Whitmore",9,2020-02-16 19:52:42.570228
19:43:42,U1,Queen's Avenue,23,2020-02-16 20:06:42.575495
19:43:42,4,"Broadmead, Union St",26,2020-02-16 20:09:42.575541
19:43:42,2,"Stockwood, The Coot",27,2020-02-16 20:10:42.575589
19:43:42,1,"Broomhill, Whitmore",39,2020-02-16 20:22:42.575628
19:43:42,U1,Queen's Avenue,53,2020-02-16 20:36:42.578535
19:43:42,2,"Stockwood, The Coot",57,2020-02-16 20:40:42.578574
19:43:42,3,"Broadmead, Union St",61,2020-02-16 20:44:42.578610

19:44:23,2,"Stockwood, The Coot",0,2020-02-16 19:44:23.104938
19:44:23,3,"Broadmead, Union St",0,2020-02-16 19:44:23.104998
19:44:23,1,"Broomhill, Whitmore",7,2020-02-16 19:51:23.105042
19:44:23,U1,Queen's Avenue,22,2020-02-16 20:06:23.106851
19:44:23,4,"Broadmead, Union St",25,2020-02-16 20:09:23.106888
19:44:23,2,"Stockwood, The Coot",26,2020-02-16 20:10:23.106923
19:44:23,1,"Broomhill, Whitmore",38,2020-02-16 20:22:23.106958
19:44:23,U1,Queen's Avenue,52,2020-02-16 20:36:23.108436
19:44:23,2,"Stockwood, The Coot",56,2020-02-16 20:40:23.108472
19:44:23,3,"Broadmead, Union St",60,2020-02-16 20:44:23.108507

19:44:32,2,"Stockwood, The Coot",0,2020-02-16 19:44:32.441589
19:44:32,3,"Broadmead, Union St",0,2020-02-16 19:44:32.441677
19:44:32,1,"Broomhill, Whitmore",7,2020-02-16 19:51:32.441731
19:44:32,U1,Queen's Avenue,22,2020-02-16 20:06:32.443690
19:44:32,4,"Broadmead, Union St",25,2020-02-16 20:09:32.443736
19:44:32,2,"Stockwood, The Coot",26,2020-02-16 20:10:32.443779
19:44:32,1,"Broomhill, Whitmore",38,2020-02-16 20:22:32.443821
19:44:32,U1,Queen's Avenue,52,2020-02-16 20:36:32.446341
19:44:32,2,"Stockwood, The Coot",56,2020-02-16 20:40:32.446393
19:44:32,3,"Broadmead, Union St",60,2020-02-16 20:44:32.446432

19:44:48,2,"Stockwood, The Coot",0,2020-02-16 19:44:48.395776
19:44:48,3,"Broadmead, Union St",0,2020-02-16 19:44:48.395841
19:44:48,1,"Broomhill, Whitmore",8,2020-02-16 19:52:48.395889
19:44:48,U1,Queen's Avenue,22,2020-02-16 20:06:48.397697
19:44:48,4,"Broadmead, Union St",25,2020-02-16 20:09:48.397743
19:44:48,2,"Stockwood, The Coot",26,2020-02-16 20:10:48.397787
19:44:48,1,"Broomhill, Whitmore",38,2020-02-16 20:22:48.397830
19:44:48,U1,Queen's Avenue,52,2020-02-16 20:36:48.399586
19:44:48,2,"Stockwood, The Coot",56,2020-02-16 20:40:48.399634
19:44:48,3,"Broadmead, Union St",60,2020-02-16 20:44:48.399678

19:45:11,2,"Stockwood, The Coot",0,2020-02-16 19:45:11.349592
19:45:11,3,"Broadmead, Union St",0,2020-02-16 19:45:11.349677
19:45:11,1,"Broomhill, Whitmore",7,2020-02-16 19:52:11.349738
19:45:11,U1,Queen's Avenue,21,2020-02-16 20:06:11.352221
19:45:11,4,"Broadmead, Union St",24,2020-02-16 20:09:11.352271
19:45:11,2,"Stockwood, The Coot",25,2020-02-16 20:10:11.352316
19:45:11,1,"Broomhill, Whitmore",37,2020-02-16 20:22:11.352358
19:45:11,U1,Queen's Avenue,51,2020-02-16 20:36:11.354164
19:45:11,2,"Stockwood, The Coot",55,2020-02-16 20:40:11.354209
19:45:11,3,"Broadmead, Union St",59,2020-02-16 20:44:11.354253

19:45:38,2,"Stockwood, The Coot",0,2020-02-16 19:45:38.061628
19:45:38,1,"Broomhill, Whitmore",7,2020-02-16 19:52:38.061725
19:45:38,U1,Queen's Avenue,21,2020-02-16 20:06:38.067375
19:45:38,4,"Broadmead, Union St",23,2020-02-16 20:08:38.067421
19:45:38,2,"Stockwood, The Coot",25,2020-02-16 20:10:38.067465
19:45:38,1,"Broomhill, Whitmore",37,2020-02-16 20:22:38.067508
19:45:38,U1,Queen's Avenue,51,2020-02-16 20:36:38.070446
19:45:38,2,"Stockwood, The Coot",55,2020-02-16 20:40:38.070497
19:45:38,3,"Broadmead, Union St",59,2020-02-16 20:44:38.070534
19:45:38,1,"Broomhill, Whitmore",65,2020-02-16 20:50:38.070571

19:46:24,1,"Broomhill, Whitmore",6,2020-02-16 19:52:24.445010
19:46:24,U1,Queen's Avenue,20,2020-02-16 20:06:24.446936
19:46:24,4,"Broadmead, Union St",23,2020-02-16 20:09:24.446984
19:46:24,2,"Stockwood, The Coot",25,2020-02-16 20:11:24.447026
19:46:24,1,"Broomhill, Whitmore",36,2020-02-16 20:22:24.447065
19:46:24,U1,Queen's Avenue,50,2020-02-16 20:36:24.448732
19:46:24,2,"Stockwood, The Coot",54,2020-02-16 20:40:24.448769
19:46:24,3,"Broadmead, Union St",58,2020-02-16 20:44:24.448805
19:46:24,1,"Broomhill, Whitmore",64,2020-02-16 20:50:24.448839
19:46:24,U1,Queen's Avenue,80,2020-02-16 21:06:24.450297

19:46:33,1,"Broomhill, Whitmore",7,2020-02-16 19:53:33.666286
19:46:33,U1,Queen's Avenue,20,2020-02-16 20:06:33.668329
19:46:33,4,"Broadmead, Union St",23,2020-02-16 20:09:33.668382
19:46:33,2,"Stockwood, The Coot",25,2020-02-16 20:11:33.668428
19:46:33,1,"Broomhill, Whitmore",36,2020-02-16 20:22:33.668473
19:46:33,U1,Queen's Avenue,50,2020-02-16 20:36:33.670448
19:46:33,2,"Stockwood, The Coot",54,2020-02-16 20:40:33.670496
19:46:33,3,"Broadmead, Union St",58,2020-02-16 20:44:33.670541
19:46:33,1,"Broomhill, Whitmore",64,2020-02-16 20:50:33.670585
19:46:33,U1,Queen's Avenue,80,2020-02-16 21:06:33.672802

19:46:49,1,"Broomhill, Whitmore",7,2020-02-16 19:53:49.444761
19:46:49,U1,Queen's Avenue,20,2020-02-16 20:06:49.446240
19:46:49,4,"Broadmead, Union St",23,2020-02-16 20:09:49.446279
19:46:49,2,"Stockwood, The Coot",25,2020-02-16 20:11:49.446309
19:46:49,1,"Broomhill, Whitmore",36,2020-02-16 20:22:49.446338
19:46:49,U1,Queen's Avenue,50,2020-02-16 20:36:49.447777
19:46:49,2,"Stockwood, The Coot",54,2020-02-16 20:40:49.447807
19:46:49,3,"Broadmead, Union St",58,2020-02-16 20:44:49.447837
19:46:49,1,"Broomhill, Whitmore",64,2020-02-16 20:50:49.447865
19:46:49,U1,Queen's Avenue,80,2020-02-16 21:06:49.449405

19:47:15,1,"Broomhill, Whitmore",6,2020-02-16 19:53:15.343099
19:47:15,U1,Queen's Avenue,19,2020-02-16 20:06:15.345171
19:47:15,4,"Broadmead, Union St",22,2020-02-16 20:09:15.345221
19:47:15,2,"Stockwood, The Coot",24,2020-02-16 20:11:15.345265
19:47:15,1,"Broomhill, Whitmore",35,2020-02-16 20:22:15.345307
19:47:15,U1,Queen's Avenue,49,2020-02-16 20:36:15.347044
19:47:15,2,"Stockwood, The Coot",53,2020-02-16 20:40:15.347085
19:47:15,3,"Broadmead, Union St",57,2020-02-16 20:44:15.347122
19:47:15,1,"Broomhill, Whitmore",63,2020-02-16 20:50:15.347158
19:47:15,U1,Queen's Avenue,79,2020-02-16 21:06:15.348654

19:47:34,1,"Broomhill, Whitmore",6,2020-02-16 19:53:34.500404
19:47:34,U1,Queen's Avenue,19,2020-02-16 20:06:34.506229
19:47:34,4,"Broadmead, Union St",22,2020-02-16 20:09:34.506279
19:47:34,2,"Stockwood, The Coot",24,2020-02-16 20:11:34.506326
19:47:34,1,"Broomhill, Whitmore",35,2020-02-16 20:22:34.506371
19:47:34,U1,Queen's Avenue,49,2020-02-16 20:36:34.509249
19:47:34,2,"Stockwood, The Coot",53,2020-02-16 20:40:34.509289
19:47:34,3,"Broadmead, Union St",57,2020-02-16 20:44:34.509326
19:47:34,1,"Broomhill, Whitmore",63,2020-02-16 20:50:34.509364
19:47:34,U1,Queen's Avenue,79,2020-02-16 21:06:34.637068

19:47:58,1,"Broomhill, Whitmore",5,2020-02-16 19:52:58.040683
19:47:58,U1,Queen's Avenue,19,2020-02-16 20:06:58.047462
19:47:58,4,"Broadmead, Union St",22,2020-02-16 20:09:58.047510
19:47:58,2,"Stockwood, The Coot",23,2020-02-16 20:10:58.047554
19:47:58,1,"Broomhill, Whitmore",35,2020-02-16 20:22:58.047595
19:47:58,U1,Queen's Avenue,49,2020-02-16 20:36:58.052676
19:47:58,2,"Stockwood, The Coot",53,2020-02-16 20:40:58.052762
19:47:58,3,"Broadmead, Union St",57,2020-02-16 20:44:58.061633
19:47:58,1,"Broomhill, Whitmore",63,2020-02-16 20:50:58.061681
19:47:58,U1,Queen's Avenue,79,2020-02-16 21:06:58.065086

19:48:26,1,"Broomhill, Whitmore",5,2020-02-16 19:53:26.609759
19:48:26,U1,Queen's Avenue,18,2020-02-16 20:06:26.611913
19:48:26,4,"Broadmead, Union St",21,2020-02-16 20:09:26.611968
19:48:26,2,"Stockwood, The Coot",23,2020-02-16 20:11:26.612019
19:48:26,1,"Broomhill, Whitmore",34,2020-02-16 20:22:26.612066
19:48:26,U1,Queen's Avenue,48,2020-02-16 20:36:26.613961
19:48:26,2,"Stockwood, The Coot",52,2020-02-16 20:40:26.614003
19:48:26,3,"Broadmead, Union St",56,2020-02-16 20:44:26.614044
19:48:26,1,"Broomhill, Whitmore",62,2020-02-16 20:50:26.614083
19:48:26,U1,Queen's Avenue,78,2020-02-16 21:06:26.615764

19:48:34,1,"Broomhill, Whitmore",5,2020-02-16 19:53:34.797186
19:48:34,U1,Queen's Avenue,18,2020-02-16 20:06:34.799313
19:48:34,4,"Broadmead, Union St",21,2020-02-16 20:09:34.799372
19:48:34,2,"Stockwood, The Coot",23,2020-02-16 20:11:34.799423
19:48:34,1,"Broomhill, Whitmore",34,2020-02-16 20:22:34.799473
19:48:34,U1,Queen's Avenue,48,2020-02-16 20:36:34.801334
19:48:34,2,"Stockwood, The Coot",52,2020-02-16 20:40:34.801412
19:48:34,3,"Broadmead, Union St",56,2020-02-16 20:44:34.801455
19:48:34,1,"Broomhill, Whitmore",62,2020-02-16 20:50:34.801578
19:48:34,U1,Queen's Avenue,78,2020-02-16 21:06:34.803323

19:48:51,1,"Broomhill, Whitmore",4,2020-02-16 19:52:51.177502
19:48:51,U1,Queen's Avenue,18,2020-02-16 20:06:51.179680
19:48:51,4,"Broadmead, Union St",21,2020-02-16 20:09:51.179738
19:48:51,2,"Stockwood, The Coot",23,2020-02-16 20:11:51.179790
19:48:51,1,"Broomhill, Whitmore",34,2020-02-16 20:22:51.179842
19:48:51,U1,Queen's Avenue,48,2020-02-16 20:36:51.181684
19:48:51,2,"Stockwood, The Coot",52,2020-02-16 20:40:51.181744
19:48:51,3,"Broadmead, Union St",56,2020-02-16 20:44:51.181799
19:48:51,1,"Broomhill, Whitmore",62,2020-02-16 20:50:51.181842
19:48:51,U1,Queen's Avenue,78,2020-02-16 21:06:51.184081

19:49:17,1,"Broomhill, Whitmore",4,2020-02-16 19:53:17.081979
19:49:17,U1,Queen's Avenue,17,2020-02-16 20:06:17.088368
19:49:17,4,"Broadmead, Union St",20,2020-02-16 20:09:17.088402
19:49:17,2,"Stockwood, The Coot",22,2020-02-16 20:11:17.088433
19:49:17,1,"Broomhill, Whitmore",33,2020-02-16 20:22:17.088463
19:49:17,U1,Queen's Avenue,47,2020-02-16 20:36:17.092842
19:49:17,2,"Stockwood, The Coot",51,2020-02-16 20:40:17.092884
19:49:17,3,"Broadmead, Union St",55,2020-02-16 20:44:17.092927
19:49:17,1,"Broomhill, Whitmore",61,2020-02-16 20:50:17.092988
19:49:17,U1,Queen's Avenue,77,2020-02-16 21:06:17.114797

19:49:17,1,"Broomhill, Whitmore",4,2020-02-16 19:53:17.572127
19:49:17,U1,Queen's Avenue,17,2020-02-16 20:06:17.574411
19:49:17,4,"Broadmead, Union St",20,2020-02-16 20:09:17.574468
19:49:17,2,"Stockwood, The Coot",22,2020-02-16 20:11:17.574521
19:49:17,1,"Broomhill, Whitmore",33,2020-02-16 20:22:17.574571
19:49:17,U1,Queen's Avenue,47,2020-02-16 20:36:17.576429
19:49:17,2,"Stockwood, The Coot",51,2020-02-16 20:40:17.576474
19:49:17,3,"Broadmead, Union St",55,2020-02-16 20:44:17.576517
19:49:17,1,"Broomhill, Whitmore",61,2020-02-16 20:50:17.576559
19:49:17,U1,Queen's Avenue,77,2020-02-16 21:06:17.578378

19:50:27,1,"Broomhill, Whitmore",3,2020-02-16 19:53:27.845837
19:50:27,U1,Queen's Avenue,16,2020-02-16 20:06:27.848145
19:50:27,4,"Broadmead, Union St",18,2020-02-16 20:08:27.848201
19:50:27,2,"Stockwood, The Coot",21,2020-02-16 20:11:27.848251
19:50:27,1,"Broomhill, Whitmore",32,2020-02-16 20:22:27.848298
19:50:27,U1,Queen's Avenue,46,2020-02-16 20:36:27.850123
19:50:27,2,"Stockwood, The Coot",50,2020-02-16 20:40:27.850166
19:50:27,3,"Broadmead, Union St",54,2020-02-16 20:44:27.850206
19:50:27,1,"Broomhill, Whitmore",60,2020-02-16 20:50:27.850246
19:50:27,U1,Queen's Avenue,76,2020-02-16 21:06:27.851947






































